{"BL": {"all_scores": [13516609.0, 13371646.0, 13676135.5, 11867387.0, 13288938.0], "avg": 13144143.1, "ratio": 1.0}, "GC": {"all_scores": [17170329.0, 17320753.5, 17818833.5, 15931380.0, 17975063.0], "avg": 17243271.8, "ratio": 1.3118597133958472}, "GA": {"all_scores": [17653400.5, 17451424.0, 18081291.5, 16293741.5, 18032293.0], "avg": 17502430.1, "ratio": 1.3315763505344067}, "UB": {"all_scores": [25693320.5, 25657918.0, 26093242.0, 23408489.0, 26322492.5], "avg": 25435092.4, "ratio": 1.9350894315811276}}