{"BL": {"all_scores": [13164268.0, 12659695.0, 13185947.5, 13172864.0, 13956886.0], "avg": 13227932.1, "ratio": 1.0}, "GC": {"all_scores": [16979144.5, 16529749.0, 17171770.0, 16776906.5, 17566179.0], "avg": 17004749.8, "ratio": 1.2855183766780902}, "GA": {"all_scores": [17151282.5, 16584926.0, 17209952.5, 17223304.0, 17801123.0], "avg": 17194117.6, "ratio": 1.2998341290245965}, "UB": {"all_scores": [25311269.0, 24206917.5, 24971503.0, 25776349.5, 26485907.0], "avg": 25350389.2, "ratio": 1.9164287364311463}, "HDbScan": {"all_scores": [16369417.5, 15676521.5, 16180181.5, 16187342.0, 17040282.5], "avg": 16290749.0, "ratio": 1.2315416254669163}, "XGB": {"all_scores": [0.0, 0.0, 0.0, 0.0, 0.0], "avg": 0.0, "ratio": 0.0}, "DT": {"all_scores": [0.0, 0.0, 0.0, 0.0, 0.0], "avg": 0.0, "ratio": 0.0}}