{"BL": {"all_scores": [13137725.0, 13913666.5, 13117223.0, 12802553.5, 12449938.0], "avg": 13084221.2, "ratio": 1.0}, "GC": {"all_scores": [17048419.0, 18156419.0, 17078321.5, 17309390.0, 16661996.0], "avg": 17250909.1, "ratio": 1.3184513496301944}, "GA": {"all_scores": [18035190.0, 18786684.5, 17542005.0, 17837465.5, 17086749.5], "avg": 17857618.9, "ratio": 1.3648209264453584}, "UB": {"all_scores": [25691028.0, 26561537.5, 25418339.5, 25250831.0, 24260127.0], "avg": 25436372.6, "ratio": 1.944049417324128}}