{"BL": {"all_scores": [13525750.0, 13232728.5, 13642634.5, 11562282.5, 13598026.0], "avg": 13112284.3, "ratio": 1.0}, "GC": {"all_scores": [17192565.5, 17471834.0, 17876799.5, 15895362.0, 18012743.5], "avg": 17289860.9, "ratio": 1.3186002152195555}, "GA": {"all_scores": [17749431.5, 17750899.5, 18335371.5, 16427611.0, 18308078.5], "avg": 17714278.4, "ratio": 1.3509681451919096}, "UB": {"all_scores": [25693320.5, 25657918.0, 26093242.0, 23408489.0, 26322492.5], "avg": 25435092.4, "ratio": 1.9397911010822118}}