{"BL": {"all_scores": [12624520.5, 13145661.5, 12753934.5, 13383922.0, 13585245.0], "avg": 13098656.7, "ratio": 1.0}, "GC": {"all_scores": [16349107.0, 17799012.5, 16855993.5, 17840993.5, 17386407.0], "avg": 17246302.7, "ratio": 1.3166466680510835}, "GA": {"all_scores": [17113975.5, 18446949.5, 17661515.0, 18448166.0, 18186151.5], "avg": 17971351.5, "ratio": 1.3719995806898275}, "UB": {"all_scores": [24285137.5, 25818405.5, 24924364.0, 25760920.5, 26326669.5], "avg": 25423099.4, "ratio": 1.9408936337723852}}