{"BL": {"all_scores": [13388815.5, 13330524.5, 13465349.0, 11587294.0, 13401725.5], "avg": 13034741.7, "ratio": 1.0}, "GC": {"all_scores": [17275881.5, 17299387.5, 17922437.5, 15847287.5, 18084786.0], "avg": 17285956.0, "ratio": 1.3261448824873914}, "GA": {"all_scores": [17826551.0, 17527054.0, 18233029.0, 16370108.0, 18393778.0], "avg": 17670104.0, "ratio": 1.3556159689762015}, "UB": {"all_scores": [25693320.5, 25657918.0, 26093242.0, 23408489.0, 26322492.5], "avg": 25435092.4, "ratio": 1.9513307578622752}}