{"BL": {"all_scores": [12393705.5, 13050785.0, 12556872.0, 13196879.0, 13713232.5], "avg": 12982294.8, "ratio": 1.0}, "GC": {"all_scores": [16420329.5, 17835438.5, 16809625.5, 18001570.5, 17603617.0], "avg": 17334116.2, "ratio": 1.3352120304647526}, "GA": {"all_scores": [17083287.5, 18307238.5, 17535529.5, 18269368.5, 18325101.5], "avg": 17904105.1, "ratio": 1.3791171265037057}, "UB": {"all_scores": [24285137.5, 25818405.5, 24924364.0, 25760920.5, 26326669.5], "avg": 25423099.4, "ratio": 1.958290101377146}}