{"BL": {"all_scores": [13073202.5, 13297080.0, 13063165.0, 12084588.0, 13604912.5], "avg": 13024589.6, "ratio": 1.0}, "GC": {"all_scores": [17341951.5, 17366874.5, 17991471.5, 15973735.0, 18214175.0], "avg": 17377641.5, "ratio": 1.334217970292131}, "GA": {"all_scores": [17628025.5, 17428319.0, 18086646.5, 16401981.5, 18279294.5], "avg": 17564853.4, "ratio": 1.3485916976608614}, "UB": {"all_scores": [25693320.5, 25657918.0, 26093242.0, 23408489.0, 26322492.5], "avg": 25435092.4, "ratio": 1.9528517351517931}}