{"BL": {"all_scores": [13175861.5, 12836993.0, 13517512.5, 12096198.0, 13554910.5], "avg": 13036295.1, "ratio": 1.0}, "GC": {"all_scores": [17293694.0, 17396405.0, 17919835.0, 15778037.5, 17805577.0], "avg": 17238709.7, "ratio": 1.3223626473444898}, "GA": {"all_scores": [17783231.0, 17636196.5, 18580807.0, 16245464.5, 18253730.5], "avg": 17699885.9, "ratio": 1.3577389714045365}, "UB": {"all_scores": [25693320.5, 25657918.0, 26093242.0, 23408489.0, 26322492.5], "avg": 25435092.4, "ratio": 1.9510982380262318}}