{"BL": {"all_scores": [13646113.0, 12714559.0, 13128444.5, 13076633.5, 12509093.5], "avg": 13014968.7, "ratio": 1.0}, "GC": {"all_scores": [18376272.5, 16717272.5, 17755114.0, 17131567.5, 16527168.0], "avg": 17301478.9, "ratio": 1.3293523249118533}, "GA": {"all_scores": [18596305.0, 17341168.0, 18295717.5, 17779037.0, 16914479.0], "avg": 17785341.3, "ratio": 1.3665297020652845}, "UB": {"all_scores": [0.0, 0.0, 0.0, 0.0, 0.0], "avg": 0.0, "ratio": 0.0}, "HDbScan": {"all_scores": [0.0, 0.0, 0.0, 0.0, 0.0], "avg": 0.0, "ratio": 0.0}, "XGB": {"all_scores": [1498399.5, 1309640.0, 1313011.5, 1405360.5, 1343344.0], "avg": 1373951.1, "ratio": 0.10556699225869058}, "DT": {"all_scores": [4409007.0, 4265012.5, 4039394.5, 4353301.5, 3876316.5], "avg": 4188606.4, "ratio": 0.32182992495402624}}