{"BL": {"all_scores": [13665325.0, 12869859.0, 12228967.5, 13525428.5, 13471049.5], "avg": 13152125.9, "ratio": 1.0}, "GC": {"all_scores": [17193852.0, 17171822.5, 16722502.0, 18138225.5, 17627391.0], "avg": 17370758.6, "ratio": 1.3207567150798032}, "GA": {"all_scores": [17874945.5, 17828012.5, 16982444.5, 18499991.5, 17936962.5], "avg": 17824471.3, "ratio": 1.3552540049818107}, "UB": {"all_scores": [25826848.5, 25042708.5, 23927924.0, 26340179.0, 26036308.0], "avg": 25434793.6, "ratio": 1.9338921930484259}}