{"BL": {"all_scores": [13675881.5, 12991101.5, 13002749.5, 13356869.0, 12970080.5], "avg": 13199336.4, "ratio": 1.0}, "GC": {"all_scores": [17886911.5, 16700470.0, 17072346.0, 17879851.5, 16778806.5], "avg": 17263677.1, "ratio": 1.3079200784669751}, "GA": {"all_scores": [18443712.5, 17423847.5, 17669902.0, 18382765.5, 17356690.5], "avg": 17855383.6, "ratio": 1.3527485821181133}, "UB": {"all_scores": [26617581.5, 24300738.0, 25140314.0, 25850520.5, 25284456.0], "avg": 25438722.0, "ratio": 1.9272727983506808}}