{"BL": {"all_scores": [13377166.0, 13202677.5, 13637068.0, 11872734.0, 13770583.0], "avg": 13172045.7, "ratio": 1.0}, "GC": {"all_scores": [17357083.5, 17345335.5, 18045628.0, 15903297.5, 17935139.5], "avg": 17317296.8, "ratio": 1.3147006315047935}, "GA": {"all_scores": [18082337.0, 17692241.0, 18699312.0, 16508271.5, 18403819.5], "avg": 17877196.2, "ratio": 1.3572072711530299}, "UB": {"all_scores": [25693320.5, 25657918.0, 26093242.0, 23408489.0, 26322492.5], "avg": 25435092.4, "ratio": 1.930990294089247}}