{"BL": {"all_scores": [13003473.0, 12884054.0, 13599930.5, 11898599.5, 13766932.0], "avg": 13030597.8, "ratio": 1.0}, "GC": {"all_scores": [17376608.0, 17426379.0, 18075861.5, 15930671.0, 18225668.5], "avg": 17407037.6, "ratio": 1.3358587124836283}, "GA": {"all_scores": [18075185.0, 17824743.5, 18636002.5, 16578688.0, 18654284.0], "avg": 17953780.6, "ratio": 1.3778171098182463}, "UB": {"all_scores": [25693320.5, 25657918.0, 26093242.0, 23408489.0, 26322492.5], "avg": 25435092.4, "ratio": 1.9519513064857237}}