{"Baseline": {"all_scores": [13254188.5, 12320374.0, 12207036.0, 12549804.5, 12696497.5], "avg": 12605580.1, "ratio": 1.0}, "Greedy": {"all_scores": [0.0, 0.0, 0.0, 0.0, 0.0], "avg": 0.0, "ratio": 0.0}, "Gradient Ascent": {"all_scores": [0.0, 0.0, 0.0, 0.0, 0.0], "avg": 0.0, "ratio": 0.0}, "GodLike": {"all_scores": [0.0, 0.0, 0.0, 0.0, 0.0], "avg": 0.0, "ratio": 0.0}, "Clustering_Grouped": {"all_scores": [0.0, 0.0, 0.0, 0.0, 0.0], "avg": 0.0, "ratio": 0.0}, "Clustering_Not_Grouped": {"all_scores": [0.0, 0.0, 0.0, 0.0, 0.0], "avg": 0.0, "ratio": 0.0}, "Binning": {"all_scores": [0.0, 0.0, 0.0, 0.0, 0.0], "avg": 0.0, "ratio": 0.0}, "Decision_Tree": {"all_scores": [2949686.5, 2707681.5, 2759561.0, 3004879.5, 3034578.0], "avg": 2891277.3, "ratio": 0.22936487468752031}, "XGBoost": {"all_scores": [2663189.5, 2623808.5, 2781283.0, 2928214.0, 2714166.0], "avg": 2742132.2, "ratio": 0.21753320182384944}}