{"BL": {"all_scores": [13545351.5, 12949261.5, 13670221.0, 12074513.0, 13362288.5], "avg": 13120327.1, "ratio": 1.0}, "GC": {"all_scores": [17340798.5, 17523357.0, 17860586.5, 15856868.0, 18214817.5], "avg": 17359285.5, "ratio": 1.3230832865439766}, "GA": {"all_scores": [17728795.5, 17698395.5, 18258650.5, 16365393.0, 18233504.0], "avg": 17656947.7, "ratio": 1.3457703886056316}, "UB": {"all_scores": [25693320.5, 25657918.0, 26093242.0, 23408489.0, 26322492.5], "avg": 25435092.4, "ratio": 1.9386020032991402}}