{"BL": {"all_scores": [13059121.0, 12610011.0, 12751723.5, 14141256.0, 13153987.5], "avg": 13143219.8, "ratio": 1.0}, "GC": {"all_scores": [17272567.0, 16218869.0, 17039641.5, 17933128.5, 17743341.5], "avg": 17241509.5, "ratio": 1.3118177860800897}, "GA": {"all_scores": [18091209.0, 16686379.0, 17780638.5, 18281663.5, 18310483.5], "avg": 17830074.7, "ratio": 1.3565986852019318}, "UB": {"all_scores": [25614550.5, 24079118.0, 24997369.0, 26580566.0, 25914642.5], "avg": 25437249.2, "ratio": 1.9353894697857825}}