{"BL": {"all_scores": [12857704.5, 13233818.5, 12773983.5, 13080485.5, 13844614.5], "avg": 13158121.3, "ratio": 1.0}, "GC": {"all_scores": [16528847.0, 17923609.5, 16896948.5, 18007001.5, 17720865.0], "avg": 17415454.3, "ratio": 1.323551736827354}, "GA": {"all_scores": [17012307.0, 18407718.5, 17523793.5, 18255790.0, 18050456.5], "avg": 17850013.1, "ratio": 1.3565776369609848}, "UB": {"all_scores": [24285137.5, 25818405.5, 24924364.0, 25760920.5, 26326669.5], "avg": 25423099.4, "ratio": 1.9321222855727889}}