{"BL": {"all_scores": [13176115.5, 12930996.5, 13523858.0, 12260057.0, 13215392.5], "avg": 13021283.9, "ratio": 1.0}, "GC": {"all_scores": [17247898.5, 17326629.0, 17768108.0, 15837736.5, 18068034.5], "avg": 17249681.3, "ratio": 1.3247296835299014}, "GA": {"all_scores": [17237222.5, 17349084.5, 17739131.0, 16112993.0, 17687364.5], "avg": 17225159.1, "ratio": 1.3228464437366274}, "UB": {"all_scores": [25693320.5, 25657918.0, 26093242.0, 23408489.0, 26322492.5], "avg": 25435092.4, "ratio": 1.9533475036205914}}