{"BL": {"all_scores": [13655877.5, 13257325.0, 12272261.5, 13642220.0, 13568198.0], "avg": 13279176.4, "ratio": 1.0}, "GC": {"all_scores": [17180967.0, 17316213.5, 16421832.5, 17827428.0, 17558171.5], "avg": 17260922.5, "ratio": 1.2998488746636425}, "GA": {"all_scores": [17851727.0, 18066730.5, 16962646.5, 18466161.5, 18069470.5], "avg": 17883347.2, "ratio": 1.3467211114086863}, "UB": {"all_scores": [25826848.5, 25042708.5, 23927924.0, 26340179.0, 26036308.0], "avg": 25434793.6, "ratio": 1.9153893911673618}}