{"BL": {"all_scores": [13725899.0, 13559832.5, 13747689.5, 11906024.0, 13509709.5], "avg": 13289830.9, "ratio": 1.0}, "GC": {"all_scores": [17286451.0, 17465455.0, 17877065.5, 15964926.0, 18091489.0], "avg": 17337077.3, "ratio": 1.3045370878270544}, "GA": {"all_scores": [17553081.0, 17581887.0, 18007928.0, 16302418.0, 18039938.0], "avg": 17497050.4, "ratio": 1.3165743440723536}, "UB": {"all_scores": [25693320.5, 25657918.0, 26093242.0, 23408489.0, 26322492.5], "avg": 25435092.4, "ratio": 1.9138763007135025}}