{"BL": {"all_scores": [13354711.5, 12392438.5, 12775324.5, 13267423.5, 13832984.5], "avg": 13124576.5, "ratio": 1.0}, "GC": {"all_scores": [17250766.0, 16591903.5, 17391429.5, 17269791.0, 17835725.0], "avg": 17267923.0, "ratio": 1.315693729241473}, "GA": {"all_scores": [17870911.5, 16955351.0, 17864000.0, 17742606.5, 18535614.0], "avg": 17793696.6, "ratio": 1.3557539628040571}, "UB": {"all_scores": [25311269.0, 24206917.5, 24971503.0, 25776349.5, 26485907.0], "avg": 25350389.2, "ratio": 1.9315205484916027}, "HDbScan": {"all_scores": [17139424.5, 16425690.5, 16974256.0, 17008728.5, 17787064.0], "avg": 17067032.7, "ratio": 1.3003873077352248}, "XGB": {"all_scores": [0.0, 0.0, 0.0, 0.0, 0.0], "avg": 0.0, "ratio": 0.0}, "DT": {"all_scores": [0.0, 0.0, 0.0, 0.0, 0.0], "avg": 0.0, "ratio": 0.0}}