{"BL": {"all_scores": [13118442.0, 13119915.5, 13264805.5, 12281139.5, 13880578.0], "avg": 13132976.1, "ratio": 1.0}, "GC": {"all_scores": [17178222.0, 17378622.0, 17838462.5, 15728924.0, 17878043.5], "avg": 17200454.8, "ratio": 1.3097149244031596}, "GA": {"all_scores": [18002401.0, 17904652.0, 18700899.5, 16558071.0, 18505879.0], "avg": 17934380.5, "ratio": 1.36559911199412}, "UB": {"all_scores": [25693320.5, 25657918.0, 26093242.0, 23408489.0, 26322492.5], "avg": 25435092.4, "ratio": 1.9367348426073812}}