{"BL": {"all_scores": [13371447.0, 13524469.0, 13269087.0, 11964529.0, 13296187.5], "avg": 13085143.9, "ratio": 1.0}, "GC": {"all_scores": [17230096.5, 17499756.0, 17901369.0, 15814817.5, 17970138.0], "avg": 17283235.4, "ratio": 1.3208288370447343}, "GA": {"all_scores": [17967697.0, 18079808.5, 18587738.5, 16645615.0, 18542899.0], "avg": 17964751.6, "ratio": 1.3729120395840662}, "UB": {"all_scores": [25693320.5, 25657918.0, 26093242.0, 23408489.0, 26322492.5], "avg": 25435092.4, "ratio": 1.9438144963770707}}