{"Baseline": {"all_scores": [12259284.0, 13304096.0, 12217767.0, 12151495.5, 12340318.5], "avg": 12454592.2, "ratio": 1.0}, "Greedy": {"all_scores": [0.0, 0.0, 0.0, 0.0, 0.0], "avg": 0.0, "ratio": 0.0}, "Gradient Ascent": {"all_scores": [0.0, 0.0, 0.0, 0.0, 0.0], "avg": 0.0, "ratio": 0.0}, "GodLike": {"all_scores": [0.0, 0.0, 0.0, 0.0, 0.0], "avg": 0.0, "ratio": 0.0}, "Clustering_Grouped": {"all_scores": [0.0, 0.0, 0.0, 0.0, 0.0], "avg": 0.0, "ratio": 0.0}, "Clustering_Not_Grouped": {"all_scores": [0.0, 0.0, 0.0, 0.0, 0.0], "avg": 0.0, "ratio": 0.0}, "Binning": {"all_scores": [0.0, 0.0, 0.0, 0.0, 0.0], "avg": 0.0, "ratio": 0.0}, "XGBoost": {"all_scores": [2799137.0, 3031555.5, 2733667.5, 2785039.5, 2860052.5], "avg": 2841890.4, "ratio": 0.22818012459693382}, "Decision_Tree": {"all_scores": [4177629.0, 4331053.5, 3830232.5, 3911152.5, 4265037.5], "avg": 4103021.0, "ratio": 0.3294384058596475}}