{"BL": {"all_scores": [13832628.5, 13090435.5, 13108476.5, 12280291.0, 13271018.0], "avg": 13116569.9, "ratio": 1.0}, "GC": {"all_scores": [18412952.0, 17519314.5, 16833446.0, 16004842.5, 17588579.5], "avg": 17271826.9, "ratio": 1.3167944845092465}, "GA": {"all_scores": [19239390.5, 18107237.0, 17538553.5, 16872542.5, 18372064.0], "avg": 18025957.5, "ratio": 1.3742889823657327}, "UB": {"all_scores": [26986313.0, 25864393.5, 24671071.5, 23984719.5, 25685973.5], "avg": 25438494.2, "ratio": 1.93941666105862}}