{"BL": {"all_scores": [12942087.5, 13095298.0, 12786941.5, 13644887.0, 13021605.5], "avg": 13098163.9, "ratio": 1.0}, "GC": {"all_scores": [17215186.5, 17725650.5, 16822107.5, 17404925.0, 17110408.5], "avg": 17255655.6, "ratio": 1.3174102669458885}, "GA": {"all_scores": [17842076.5, 18074354.5, 17125339.0, 17712299.0, 17509386.5], "avg": 17652691.1, "ratio": 1.3477225689625094}, "UB": {"all_scores": [24907304.5, 25896082.0, 24939222.5, 26071400.5, 25365304.5], "avg": 25435862.8, "ratio": 1.9419410990879415}}