{"BL": {"all_scores": [13274451.0, 12968630.0, 13725329.5, 12577832.5, 13653519.5], "avg": 13239952.5, "ratio": 1.0}, "GC": {"all_scores": [17096934.0, 17122382.5, 17735974.5, 15787938.5, 17752659.0], "avg": 17099177.7, "ratio": 1.2914833115904305}, "GA": {"all_scores": [17184601.0, 17102768.5, 17751898.5, 16053434.5, 17674435.5], "avg": 17153427.6, "ratio": 1.295580750761757}, "UB": {"all_scores": [25693320.5, 25657918.0, 26093242.0, 23408489.0, 26322492.5], "avg": 25435092.4, "ratio": 1.9210863785198624}}