{"BL": {"all_scores": [12809996.5, 12850941.5, 12888095.5, 13141619.0, 13822015.5], "avg": 13102533.6, "ratio": 1.0}, "GC": {"all_scores": [17284312.0, 16559381.5, 17290940.5, 17043810.5, 17723305.5], "avg": 17180350.0, "ratio": 1.3112235026056336}, "GA": {"all_scores": [17856277.5, 16953178.0, 17945481.0, 17654004.5, 18479852.5], "avg": 17777758.7, "ratio": 1.35681840190053}, "UB": {"all_scores": [25311269.0, 24206917.5, 24971503.0, 25776349.5, 26485907.0], "avg": 25350389.2, "ratio": 1.9347700203569789}, "HDbScan": {"all_scores": [16828045.0, 16198218.5, 17039560.0, 16921060.5, 17376551.0], "avg": 16872687.0, "ratio": 1.2877423187832924}, "XGB": {"all_scores": [0.0, 0.0, 0.0, 0.0, 0.0], "avg": 0.0, "ratio": 0.0}, "DT": {"all_scores": [0.0, 0.0, 0.0, 0.0, 0.0], "avg": 0.0, "ratio": 0.0}}