{"BL": {"all_scores": [13490904.0, 13106082.5, 13545345.5, 12265758.0, 13442327.0], "avg": 13170083.4, "ratio": 1.0}, "GC": {"all_scores": [17074877.0, 17293910.0, 17725215.0, 15720799.5, 17745861.5], "avg": 17112132.6, "ratio": 1.2993184690083284}, "GA": {"all_scores": [17806953.5, 17710624.5, 18519732.5, 16382797.5, 18396399.0], "avg": 17763301.4, "ratio": 1.348761496833042}, "UB": {"all_scores": [25693320.5, 25657918.0, 26093242.0, 23408489.0, 26322492.5], "avg": 25435092.4, "ratio": 1.9312780054225016}}