{"BL": {"all_scores": [12629976.5, 13106479.5, 12780417.5, 13234588.5, 12862481.5], "avg": 12922788.7, "ratio": 1.0}, "GC": {"all_scores": [17216801.5, 17797021.5, 16976210.0, 17547440.5, 17353552.5], "avg": 17378205.2, "ratio": 1.3447720614668877}, "GA": {"all_scores": [17715072.0, 18140195.0, 17031209.5, 17764746.0, 17475739.0], "avg": 17625392.3, "ratio": 1.363900061292498}, "UB": {"all_scores": [24907304.5, 25896082.0, 24939222.5, 26071400.5, 25365304.5], "avg": 25435862.8, "ratio": 1.9682951869359284}}