{"BL": {"all_scores": [12865255.0, 13386055.0, 12979048.0, 13271005.5, 12714743.0], "avg": 13043221.3, "ratio": 1.0}, "GC": {"all_scores": [17392238.5, 17772657.5, 16892020.0, 17528299.5, 17205807.5], "avg": 17358204.6, "ratio": 1.330821903635109}, "GA": {"all_scores": [17942983.0, 18145346.5, 17173096.5, 17822581.5, 17599956.5], "avg": 17736792.8, "ratio": 1.3598475707837603}, "UB": {"all_scores": [24907304.5, 25896082.0, 24939222.5, 26071400.5, 25365304.5], "avg": 25435862.8, "ratio": 1.9501212327049913}}