{"BL": {"all_scores": [13437570.0, 13039284.0, 12232667.0, 13546901.0, 13197852.0], "avg": 13090854.8, "ratio": 1.0}, "GC": {"all_scores": [17389806.5, 17212225.5, 16546845.5, 18168141.0, 17689433.0], "avg": 17401290.3, "ratio": 1.329270744031169}, "GA": {"all_scores": [17997018.5, 18011723.5, 17138623.5, 18772206.0, 18182694.5], "avg": 18020453.2, "ratio": 1.3765681061560624}, "UB": {"all_scores": [25826848.5, 25042708.5, 23927924.0, 26340179.0, 26036308.0], "avg": 25434793.6, "ratio": 1.9429436800414286}}