{"BL": {"all_scores": [12920574.0, 12086995.5, 13116380.5, 13274415.0, 13876707.5], "avg": 13055014.5, "ratio": 1.0}, "GC": {"all_scores": [17244392.0, 16473923.5, 17133523.5, 16926151.0, 17409461.0], "avg": 17037490.2, "ratio": 1.3050533341039183}, "GA": {"all_scores": [16912466.5, 16380013.0, 16894510.5, 16641645.5, 17339171.0], "avg": 16833561.3, "ratio": 1.2894326007834003}, "UB": {"all_scores": [25311269.0, 24206917.5, 24971503.0, 25776349.5, 26485907.0], "avg": 25350389.2, "ratio": 1.9418124123875924}, "HDbScan": {"all_scores": [16236444.0, 15366748.0, 16135895.0, 16375710.5, 16988785.5], "avg": 16220716.6, "ratio": 1.2424893591653996}, "XGB": {"all_scores": [0.0, 0.0, 0.0, 0.0, 0.0], "avg": 0.0, "ratio": 0.0}, "DT": {"all_scores": [0.0, 0.0, 0.0, 0.0, 0.0], "avg": 0.0, "ratio": 0.0}}