{"BL": {"all_scores": [14093286.5, 13659426.5, 12550780.5, 12568961.5, 13412112.5], "avg": 13256913.5, "ratio": 1.0}, "GC": {"all_scores": [18272202.0, 17630928.5, 16792930.5, 16056730.5, 17662589.0], "avg": 17283076.1, "ratio": 1.303702864169703}, "GA": {"all_scores": [19041617.5, 18015714.5, 17410164.5, 16658342.0, 18298355.0], "avg": 17884838.7, "ratio": 1.3490952249179267}, "UB": {"all_scores": [26986313.0, 25864393.5, 24671071.5, 23984719.5, 25685973.5], "avg": 25438494.2, "ratio": 1.9188851311430823}}