{"Baseline": {"all_scores": [12562330.0, 13337167.5, 12694972.0, 12459840.0, 12586542.0], "avg": 12728170.3, "ratio": 1.0}, "Greedy": {"all_scores": [0.0, 0.0, 0.0, 0.0, 0.0], "avg": 0.0, "ratio": 0.0}, "Gradient Ascent": {"all_scores": [0.0, 0.0, 0.0, 0.0, 0.0], "avg": 0.0, "ratio": 0.0}, "GodLike": {"all_scores": [0.0, 0.0, 0.0, 0.0, 0.0], "avg": 0.0, "ratio": 0.0}, "Clustering_Grouped": {"all_scores": [0.0, 0.0, 0.0, 0.0, 0.0], "avg": 0.0, "ratio": 0.0}, "Clustering_Not_Grouped": {"all_scores": [0.0, 0.0, 0.0, 0.0, 0.0], "avg": 0.0, "ratio": 0.0}, "Binning": {"all_scores": [0.0, 0.0, 0.0, 0.0, 0.0], "avg": 0.0, "ratio": 0.0}, "XGBoost": {"all_scores": [2876937.0, 3129448.5, 2800588.0, 2841187.0, 2917405.5], "avg": 2913113.2, "ratio": 0.2288713248910568}, "Decision_Tree": {"all_scores": [4404184.0, 4419587.5, 4060158.0, 4269687.0, 4251586.5], "avg": 4281040.6, "ratio": 0.3363437555514165}}