{"BL": {"all_scores": [12993033.0, 12954643.5, 11972737.5, 13541122.0, 13172208.0], "avg": 12926748.8, "ratio": 1.0}, "GC": {"all_scores": [17328104.5, 17193882.5, 16636957.0, 18184362.0, 17719536.0], "avg": 17412568.4, "ratio": 1.347018393364308}, "GA": {"all_scores": [17871862.0, 17770177.5, 17026278.5, 18670743.5, 18030120.5], "avg": 17873836.4, "ratio": 1.382701611715391}, "UB": {"all_scores": [25826848.5, 25042708.5, 23927924.0, 26340179.0, 26036308.0], "avg": 25434793.6, "ratio": 1.9676094889381621}}