{"BL": {"all_scores": [13692911.0, 13523053.5, 12891940.0, 12476178.5, 13371870.0], "avg": 13191190.6, "ratio": 1.0}, "GC": {"all_scores": [17953330.0, 17762161.5, 16827641.0, 16114734.0, 17868761.5], "avg": 17305325.6, "ratio": 1.3118850393989456}, "GA": {"all_scores": [18987667.0, 18180147.0, 17489690.5, 16542153.5, 18318195.5], "avg": 17903570.7, "ratio": 1.3572369047567245}, "UB": {"all_scores": [26986313.0, 25864393.5, 24671071.5, 23984719.5, 25685973.5], "avg": 25438494.2, "ratio": 1.928445655239035}}