{"Baseline": {"all_scores": [13122728.0, 11243105.5, 11899639.0, 13035051.0, 12480678.5], "avg": 12356240.4, "ratio": 1.0}, "Greedy": {"all_scores": [0.0, 0.0, 0.0, 0.0, 0.0], "avg": 0.0, "ratio": 0.0}, "Gradient Ascent": {"all_scores": [0.0, 0.0, 0.0, 0.0, 0.0], "avg": 0.0, "ratio": 0.0}, "GodLike": {"all_scores": [0.0, 0.0, 0.0, 0.0, 0.0], "avg": 0.0, "ratio": 0.0}, "Clustering_Grouped": {"all_scores": [0.0, 0.0, 0.0, 0.0, 0.0], "avg": 0.0, "ratio": 0.0}, "Clustering_Not_Grouped": {"all_scores": [0.0, 0.0, 0.0, 0.0, 0.0], "avg": 0.0, "ratio": 0.0}, "Binning": {"all_scores": [0.0, 0.0, 0.0, 0.0, 0.0], "avg": 0.0, "ratio": 0.0}, "Decision_Tree": {"all_scores": [2949686.5, 2707681.5, 2759561.0, 3004879.5, 3034578.0], "avg": 2891277.3, "ratio": 0.23399328650161255}, "XGBoost": {"all_scores": [4527451.5, 4062624.0, 4093722.0, 4589206.5, 4658634.5], "avg": 4386327.7, "ratio": 0.3549888605275113}}