{"BL": {"all_scores": [13084567.5, 12681678.0, 12156572.0, 13204050.0, 13452981.0], "avg": 12915969.7, "ratio": 1.0}, "GC": {"all_scores": [17290372.5, 17199193.5, 16510027.5, 18074276.5, 17525289.0], "avg": 17319831.8, "ratio": 1.3409625604804571}, "GA": {"all_scores": [17978673.0, 18037885.5, 16978896.0, 18582883.0, 18095669.5], "avg": 17934801.4, "ratio": 1.3885756793003317}, "UB": {"all_scores": [25826848.5, 25042708.5, 23927924.0, 26340179.0, 26036308.0], "avg": 25434793.6, "ratio": 1.9692515692414487}}