{"BL": {"all_scores": [13575457.5, 12549155.5, 12568870.0, 14278216.0, 13309208.5], "avg": 13256181.5, "ratio": 1.0}, "GC": {"all_scores": [17289124.0, 17245719.5, 16675723.0, 18177370.0, 17522950.0], "avg": 17382177.3, "ratio": 1.3112507021724167}, "GA": {"all_scores": [18029700.5, 18041783.5, 17104748.0, 18711133.5, 18097699.0], "avg": 17997012.9, "ratio": 1.35763175089297}, "UB": {"all_scores": [25826848.5, 25042708.5, 23927924.0, 26340179.0, 26036308.0], "avg": 25434793.6, "ratio": 1.9187119307320892}}