{"BL": {"all_scores": [13268673.0, 13267358.5, 13866575.5, 12328202.5, 13618107.0], "avg": 13269783.3, "ratio": 1.0}, "GC": {"all_scores": [17244619.0, 17439287.0, 17808643.0, 15896180.0, 18063069.0], "avg": 17290359.6, "ratio": 1.3029873366507803}, "GA": {"all_scores": [17320655.5, 17338998.5, 17939311.0, 16182157.5, 17903390.0], "avg": 17336902.5, "ratio": 1.3064947714707593}, "UB": {"all_scores": [25693320.5, 25657918.0, 26093242.0, 23408489.0, 26322492.5], "avg": 25435092.4, "ratio": 1.9167677289801708}}