{"BL": {"all_scores": [12935367.0, 12794831.0, 13580237.0, 11918299.0, 13912730.0], "avg": 13028292.8, "ratio": 1.0}, "GC": {"all_scores": [17215282.5, 17403728.5, 17792589.0, 15916685.0, 17898584.5], "avg": 17245373.9, "ratio": 1.3236863927405744}, "GA": {"all_scores": [17898259.5, 17972031.0, 18481097.5, 16601213.0, 18434959.5], "avg": 17877512.1, "ratio": 1.372206809782476}, "UB": {"all_scores": [25693320.5, 25657918.0, 26093242.0, 23408489.0, 26322492.5], "avg": 25435092.4, "ratio": 1.9522966508704807}}