{"BL": {"all_scores": [13161783.0, 12597650.5, 12424514.5, 13191275.5, 13704853.5], "avg": 13016015.4, "ratio": 1.0}, "GC": {"all_scores": [17145545.0, 17048521.5, 16324712.0, 17965414.5, 17511415.5], "avg": 17199121.7, "ratio": 1.3213814805412722}, "GA": {"all_scores": [17922000.0, 17989712.0, 17057732.0, 18611842.0, 18185023.0], "avg": 17953261.8, "ratio": 1.3793208787998208}, "UB": {"all_scores": [25826848.5, 25042708.5, 23927924.0, 26340179.0, 26036308.0], "avg": 25434793.6, "ratio": 1.9541152048729138}}