{"BL": {"all_scores": [13794495.0, 13035785.0, 12699872.0, 12539242.0, 13317008.0], "avg": 13077280.4, "ratio": 1.0}, "GC": {"all_scores": [18381976.0, 17840790.0, 16952759.5, 16017038.0, 17864108.5], "avg": 17411334.4, "ratio": 1.3314186029076809}, "GA": {"all_scores": [19042712.0, 18013550.5, 17754024.0, 16561913.5, 18175501.5], "avg": 17909540.3, "ratio": 1.369515660152091}, "UB": {"all_scores": [26986313.0, 25864393.5, 24671071.5, 23984719.5, 25685973.5], "avg": 25438494.2, "ratio": 1.9452434620886463}}