{"BL": {"all_scores": [12693242.0, 13701408.0, 12382686.0, 13451637.5, 13109230.0], "avg": 13067640.7, "ratio": 1.0}, "GC": {"all_scores": [17121569.5, 17703807.0, 16779644.5, 17653329.0, 16955298.5], "avg": 17242729.7, "ratio": 1.3194983008677306}, "GA": {"all_scores": [17763556.5, 18203454.0, 17264217.0, 17807388.0, 17632854.0], "avg": 17734293.9, "ratio": 1.357115205960629}, "UB": {"all_scores": [24907304.5, 25896082.0, 24939222.5, 26071400.5, 25365304.5], "avg": 25435862.8, "ratio": 1.9464770561069988}}