{"BL": {"all_scores": [12914506.5, 13413908.5, 12632174.0, 13491670.5, 12779866.5], "avg": 13046425.2, "ratio": 1.0}, "GC": {"all_scores": [17061238.5, 17581007.5, 16852786.5, 17298838.5, 16760010.5], "avg": 17110776.3, "ratio": 1.311529866434217}, "GA": {"all_scores": [17309509.5, 17873965.0, 17023959.0, 17234817.0, 17204698.5], "avg": 17329389.8, "ratio": 1.3282864489193562}, "UB": {"all_scores": [24907304.5, 25896082.0, 24939222.5, 26071400.5, 25365304.5], "avg": 25435862.8, "ratio": 1.9496423280761999}}