{"BL": {"all_scores": [12740271.0, 13286048.5, 12828155.5, 13771869.0, 12874358.0], "avg": 13100140.4, "ratio": 1.0}, "GC": {"all_scores": [17024924.0, 17769748.0, 16611987.5, 17326128.0, 17076154.5], "avg": 17161788.4, "ratio": 1.3100461427115695}, "GA": {"all_scores": [17672406.0, 18344188.5, 17104659.0, 17989077.0, 17683763.5], "avg": 17758818.8, "ratio": 1.3556204939605074}, "UB": {"all_scores": [24907304.5, 25896082.0, 24939222.5, 26071400.5, 25365304.5], "avg": 25435862.8, "ratio": 1.941648106305792}}