{"BL": {"all_scores": [13401413.5, 13469933.0, 13493644.0, 12432212.5, 13532072.0], "avg": 13265855.0, "ratio": 1.0}, "GC": {"all_scores": [17391267.0, 17592413.5, 18071764.5, 15911104.5, 18192271.5], "avg": 17431764.2, "ratio": 1.3140324690719143}, "GA": {"all_scores": [18046992.0, 18050076.5, 18599970.0, 16727178.0, 18551141.0], "avg": 17995071.5, "ratio": 1.3564954162396619}, "UB": {"all_scores": [25693320.5, 25657918.0, 26093242.0, 23408489.0, 26322492.5], "avg": 25435092.4, "ratio": 1.917335324409923}}