{"BL": {"all_scores": [13020955.5, 12997323.0, 13560656.5, 11897596.5, 13135965.5], "avg": 12922499.4, "ratio": 1.0}, "GC": {"all_scores": [17294315.0, 17390510.5, 18008077.0, 16009807.5, 17976505.0], "avg": 17335843.0, "ratio": 1.341523993415701}, "GA": {"all_scores": [17647873.0, 17527837.5, 18407300.5, 16366447.5, 18033633.0], "avg": 17596618.3, "ratio": 1.3617039363143635}, "UB": {"all_scores": [25693320.5, 25657918.0, 26093242.0, 23408489.0, 26322492.5], "avg": 25435092.4, "ratio": 1.9682796348204898}}