{"BL": {"all_scores": [13300345.5, 13119206.0, 13497222.5, 11939444.5, 13736613.5], "avg": 13118566.4, "ratio": 1.0}, "GC": {"all_scores": [17124456.5, 17320888.0, 17782419.0, 15864318.0, 17908291.5], "avg": 17200074.6, "ratio": 1.3111245600738812}, "GA": {"all_scores": [17061206.0, 16985126.0, 17500249.0, 15946071.0, 17266167.5], "avg": 16951763.9, "ratio": 1.2921963713961915}, "UB": {"all_scores": [25693320.5, 25657918.0, 26093242.0, 23408489.0, 26322492.5], "avg": 25435092.4, "ratio": 1.9388621915272692}}