{"Baseline": {"all_scores": [12339655.0, 13170372.0, 12517856.0, 12633443.5, 11956361.0], "avg": 12523537.5, "ratio": 1.0}, "Greedy": {"all_scores": [0.0, 0.0, 0.0, 0.0, 0.0], "avg": 0.0, "ratio": 0.0}, "Gradient Ascent": {"all_scores": [0.0, 0.0, 0.0, 0.0, 0.0], "avg": 0.0, "ratio": 0.0}, "GodLike": {"all_scores": [0.0, 0.0, 0.0, 0.0, 0.0], "avg": 0.0, "ratio": 0.0}, "Clustering_Grouped": {"all_scores": [0.0, 0.0, 0.0, 0.0, 0.0], "avg": 0.0, "ratio": 0.0}, "Clustering_Not_Grouped": {"all_scores": [0.0, 0.0, 0.0, 0.0, 0.0], "avg": 0.0, "ratio": 0.0}, "Binning": {"all_scores": [0.0, 0.0, 0.0, 0.0, 0.0], "avg": 0.0, "ratio": 0.0}, "Decision_Tree": {"all_scores": [2876937.0, 3129448.5, 2800588.0, 2841187.0, 2917405.5], "avg": 2913113.2, "ratio": 0.23261104939399113}, "XGBoost": {"all_scores": [4343824.5, 4453514.0, 4150582.5, 4291518.5, 4195269.5], "avg": 4286941.8, "ratio": 0.3423107728147897}}