{"BL": {"all_scores": [13248570.5, 13261437.5, 13442062.5, 11945228.5, 13576220.0], "avg": 13094703.8, "ratio": 1.0}, "GC": {"all_scores": [17325618.0, 17563798.5, 18045719.0, 15959157.5, 18237546.0], "avg": 17426367.8, "ratio": 1.3307951112265708}, "GA": {"all_scores": [17968053.5, 17905712.5, 18483186.5, 16681873.0, 18630083.0], "avg": 17933781.7, "ratio": 1.3695446627819101}, "UB": {"all_scores": [25693320.5, 25657918.0, 26093242.0, 23408489.0, 26322492.5], "avg": 25435092.4, "ratio": 1.9423953980539825}}