{"BL": {"all_scores": [13246824.0, 12765282.0, 12294413.0, 13948749.0, 13445241.5], "avg": 13140101.9, "ratio": 1.0}, "GC": {"all_scores": [17126278.0, 17034175.5, 16467845.5, 17959839.0, 17595982.5], "avg": 17236824.1, "ratio": 1.3117724832864501}, "GA": {"all_scores": [17959530.0, 17946766.5, 16976028.5, 18668458.0, 18185122.0], "avg": 17947181.0, "ratio": 1.365832710932021}, "UB": {"all_scores": [25826848.5, 25042708.5, 23927924.0, 26340179.0, 26036308.0], "avg": 25434793.6, "ratio": 1.9356618231400473}}