{"BL": {"all_scores": [13429994.0, 13370618.0, 13367703.5, 12581362.5, 13788192.5], "avg": 13307574.1, "ratio": 1.0}, "GC": {"all_scores": [17380056.0, 17484297.0, 17868235.0, 15848561.0, 18188069.5], "avg": 17353843.7, "ratio": 1.3040576418807992}, "GA": {"all_scores": [17861792.5, 17800358.5, 18256784.0, 16499121.0, 18346101.5], "avg": 17752831.5, "ratio": 1.3340396503972878}, "UB": {"all_scores": [25693320.5, 25657918.0, 26093242.0, 23408489.0, 26322492.5], "avg": 25435092.4, "ratio": 1.911324499030969}}