{"BL": {"all_scores": [12866417.5, 13172469.0, 12648581.5, 13184923.0, 13409433.0], "avg": 13056364.8, "ratio": 1.0}, "GC": {"all_scores": [17308196.0, 17816564.0, 16859424.5, 17359866.0, 17062854.5], "avg": 17281381.0, "ratio": 1.3235982039962608}, "GA": {"all_scores": [17446895.0, 18156311.0, 17171403.0, 17835252.5, 17636412.0], "avg": 17649254.7, "ratio": 1.3517740175274513}, "UB": {"all_scores": [24907304.5, 25896082.0, 24939222.5, 26071400.5, 25365304.5], "avg": 25435862.8, "ratio": 1.9481580968080794}}