{"BL": {"all_scores": [13734740.0, 13019606.5, 12589922.0, 13437559.5, 13571235.0], "avg": 13270612.6, "ratio": 1.0}, "GC": {"all_scores": [17100525.5, 17101912.5, 16450586.5, 17886351.5, 17466469.0], "avg": 17201169.0, "ratio": 1.2961850005326807}, "GA": {"all_scores": [17970987.5, 18114935.5, 17132792.5, 18671956.5, 18249868.0], "avg": 18028108.0, "ratio": 1.3584985519055843}, "UB": {"all_scores": [25826848.5, 25042708.5, 23927924.0, 26340179.0, 26036308.0], "avg": 25434793.6, "ratio": 1.916625431443911}}