{"BL": {"all_scores": [13179240.5, 12793820.5, 12906541.0, 12102436.0, 13516672.5], "avg": 12899742.1, "ratio": 1.0}, "GC": {"all_scores": [17321462.0, 17466480.5, 18051745.5, 15904655.5, 18127496.5], "avg": 17374368.0, "ratio": 1.3468771596604245}, "GA": {"all_scores": [17809785.0, 17766514.0, 18664258.5, 16606791.0, 18406863.0], "avg": 17850842.3, "ratio": 1.3838138903567694}, "UB": {"all_scores": [25693320.5, 25657918.0, 26093242.0, 23408489.0, 26322492.5], "avg": 25435092.4, "ratio": 1.9717520089025655}}