{"BL": {"all_scores": [13119157.5, 12546245.0, 12458209.5, 13594371.5, 13820090.5], "avg": 13107614.8, "ratio": 1.0}, "GC": {"all_scores": [17459933.5, 16837790.5, 17376887.0, 17409084.0, 17802077.5], "avg": 17377154.5, "ratio": 1.325729720101326}, "GA": {"all_scores": [17765879.0, 17223006.0, 17709847.5, 17837615.5, 18270197.0], "avg": 17761309.0, "ratio": 1.3550374550219464}, "UB": {"all_scores": [25311269.0, 24206917.5, 24971503.0, 25776349.5, 26485907.0], "avg": 25350389.2, "ratio": 1.9340200018694476}, "HDbScan": {"all_scores": [16928586.5, 16426546.5, 17213426.0, 16764412.5, 17472178.5], "avg": 16961030.0, "ratio": 1.2939829449367095}, "XGB": {"all_scores": [0.0, 0.0, 0.0, 0.0, 0.0], "avg": 0.0, "ratio": 0.0}, "DT": {"all_scores": [0.0, 0.0, 0.0, 0.0, 0.0], "avg": 0.0, "ratio": 0.0}}