{"BL": {"all_scores": [13045306.5, 12609198.5, 12966153.5, 12634115.5, 13832945.5], "avg": 13017543.9, "ratio": 1.0}, "GC": {"all_scores": [17327817.5, 16543433.0, 17348683.5, 16886720.0, 17760497.0], "avg": 17173430.2, "ratio": 1.3192527201694322}, "GA": {"all_scores": [18007916.5, 17262475.5, 17955447.0, 17785736.5, 18511164.0], "avg": 17904547.9, "ratio": 1.3754167481624546}, "UB": {"all_scores": [25311269.0, 24206917.5, 24971503.0, 25776349.5, 26485907.0], "avg": 25350389.2, "ratio": 1.947401859731773}, "HDbScan": {"all_scores": [17141964.0, 16489633.5, 17150371.5, 16889663.0, 17812422.0], "avg": 17096810.8, "ratio": 1.3133668633143616}, "XGB": {"all_scores": [0.0, 0.0, 0.0, 0.0, 0.0], "avg": 0.0, "ratio": 0.0}, "DT": {"all_scores": [0.0, 0.0, 0.0, 0.0, 0.0], "avg": 0.0, "ratio": 0.0}}