{"Baseline": {"all_scores": [12155595.0, 12430704.0, 12978590.5, 12000365.5, 12335329.0], "avg": 12380116.8, "ratio": 1.0}, "Greedy": {"all_scores": [0.0, 0.0, 0.0, 0.0, 0.0], "avg": 0.0, "ratio": 0.0}, "Gradient Ascent": {"all_scores": [0.0, 0.0, 0.0, 0.0, 0.0], "avg": 0.0, "ratio": 0.0}, "GodLike": {"all_scores": [0.0, 0.0, 0.0, 0.0, 0.0], "avg": 0.0, "ratio": 0.0}, "Clustering_Grouped": {"all_scores": [0.0, 0.0, 0.0, 0.0, 0.0], "avg": 0.0, "ratio": 0.0}, "Clustering_Not_Grouped": {"all_scores": [0.0, 0.0, 0.0, 0.0, 0.0], "avg": 0.0, "ratio": 0.0}, "Binning": {"all_scores": [0.0, 0.0, 0.0, 0.0, 0.0], "avg": 0.0, "ratio": 0.0}, "Decision_Tree": {"all_scores": [2814380.0, 3070778.0, 2867634.0, 2783580.5, 2931425.5], "avg": 2893559.6, "ratio": 0.2337263570889735}, "XGBoost": {"all_scores": [2519629.0, 3070921.0, 2710720.0, 2800452.0, 2658301.5], "avg": 2752004.7, "ratio": 0.22229230502898}}