{"BL": {"all_scores": [13341292.0, 13132828.0, 13806528.0, 11915081.0, 14060941.5], "avg": 13251334.1, "ratio": 1.0}, "GC": {"all_scores": [17232883.5, 17498499.5, 17856728.0, 15806765.5, 17926812.5], "avg": 17264337.8, "ratio": 1.3028377120157284}, "GA": {"all_scores": [18047277.0, 18159363.0, 18599689.5, 16715178.0, 18524019.5], "avg": 18009105.4, "ratio": 1.3590409285658263}, "UB": {"all_scores": [25693320.5, 25657918.0, 26093242.0, 23408489.0, 26322492.5], "avg": 25435092.4, "ratio": 1.9194363532046181}}