{"BL": {"all_scores": [13706101.0, 13431866.0, 13177205.5, 11889919.0, 13578159.5], "avg": 13156650.2, "ratio": 1.0}, "GC": {"all_scores": [17194761.5, 17167897.5, 17731951.0, 15661398.0, 17876959.0], "avg": 17126593.4, "ratio": 1.301744223617042}, "GA": {"all_scores": [17538994.0, 17263452.5, 18066467.5, 16070775.5, 17864912.5], "avg": 17360920.4, "ratio": 1.3195547602230846}, "UB": {"all_scores": [25693320.5, 25657918.0, 26093242.0, 23408489.0, 26322492.5], "avg": 25435092.4, "ratio": 1.9332498784531036}}