{"Baseline": {"all_scores": [12212255.0, 12358283.0, 12237510.0, 12260222.5, 12395637.5], "avg": 12292781.6, "ratio": 1.0}, "Greedy": {"all_scores": [0.0, 0.0, 0.0, 0.0, 0.0], "avg": 0.0, "ratio": 0.0}, "Gradient Ascent": {"all_scores": [0.0, 0.0, 0.0, 0.0, 0.0], "avg": 0.0, "ratio": 0.0}, "GodLike": {"all_scores": [0.0, 0.0, 0.0, 0.0, 0.0], "avg": 0.0, "ratio": 0.0}, "Clustering_Grouped": {"all_scores": [0.0, 0.0, 0.0, 0.0, 0.0], "avg": 0.0, "ratio": 0.0}, "Clustering_Not_Grouped": {"all_scores": [0.0, 0.0, 0.0, 0.0, 0.0], "avg": 0.0, "ratio": 0.0}, "Binning": {"all_scores": [0.0, 0.0, 0.0, 0.0, 0.0], "avg": 0.0, "ratio": 0.0}, "XGBoost": {"all_scores": [2876937.0, 3129448.5, 2800588.0, 2841187.0, 2917405.5], "avg": 2913113.2, "ratio": 0.23697754461040782}, "Decision_Tree": {"all_scores": [4480511.5, 4482355.0, 4062564.0, 4348186.5, 4266748.5], "avg": 4328073.1, "ratio": 0.35208248554582633}}