{"BL": {"all_scores": [13047217.5, 13211067.5, 13213992.0, 12284215.5, 13140889.0], "avg": 12979476.3, "ratio": 1.0}, "GC": {"all_scores": [17270225.0, 17334869.5, 17882557.5, 15797435.5, 18154808.0], "avg": 17287979.1, "ratio": 1.3319473529143853}, "GA": {"all_scores": [17871990.5, 17580233.0, 18289829.5, 16318823.5, 18233022.5], "avg": 17658779.8, "ratio": 1.360515585671203}, "UB": {"all_scores": [25693320.5, 25657918.0, 26093242.0, 23408489.0, 26322492.5], "avg": 25435092.4, "ratio": 1.9596393423053593}}