{"Baseline": {"all_scores": [13016737.5, 12070023.0, 12252817.5, 12723227.5, 12753366.0], "avg": 12563234.3, "ratio": 1.0}, "Greedy": {"all_scores": [0.0, 0.0, 0.0, 0.0, 0.0], "avg": 0.0, "ratio": 0.0}, "Gradient Ascent": {"all_scores": [0.0, 0.0, 0.0, 0.0, 0.0], "avg": 0.0, "ratio": 0.0}, "GodLike": {"all_scores": [0.0, 0.0, 0.0, 0.0, 0.0], "avg": 0.0, "ratio": 0.0}, "Clustering_Grouped": {"all_scores": [0.0, 0.0, 0.0, 0.0, 0.0], "avg": 0.0, "ratio": 0.0}, "Clustering_Not_Grouped": {"all_scores": [0.0, 0.0, 0.0, 0.0, 0.0], "avg": 0.0, "ratio": 0.0}, "Binning": {"all_scores": [0.0, 0.0, 0.0, 0.0, 0.0], "avg": 0.0, "ratio": 0.0}, "Decision_Tree": {"all_scores": [2949686.5, 2707681.5, 2759561.0, 3004879.5, 3034578.0], "avg": 2891277.3, "ratio": 0.2301379749003009}, "XGBoost": {"all_scores": [2663291.5, 2611687.5, 2785139.0, 2927184.5, 2715244.0], "avg": 2740509.3, "ratio": 0.21813724352812552}}