{"BL": {"all_scores": [13158709.5, 12802543.5, 12557239.0, 13889918.5, 14045618.5], "avg": 13290805.8, "ratio": 1.0}, "GC": {"all_scores": [17413242.5, 17179457.5, 16467749.0, 18246737.0, 17630585.5], "avg": 17387554.3, "ratio": 1.3082392867406127}, "GA": {"all_scores": [18003087.0, 17890940.0, 17030486.0, 18775590.5, 18136113.0], "avg": 17967243.3, "ratio": 1.3518550771391151}, "UB": {"all_scores": [25826848.5, 25042708.5, 23927924.0, 26340179.0, 26036308.0], "avg": 25434793.6, "ratio": 1.9137134333871615}}