{"BL": {"all_scores": [12582839.0, 13218534.0, 13161928.5, 12985064.0, 13700570.0], "avg": 13129787.1, "ratio": 1.0}, "GC": {"all_scores": [16363795.0, 17696751.5, 16854246.0, 17899856.0, 17402177.0], "avg": 17243365.1, "ratio": 1.3133011958739227}, "GA": {"all_scores": [16916322.0, 18073382.5, 17615357.5, 18381607.5, 18163741.0], "avg": 17830082.1, "ratio": 1.3579871451228636}, "UB": {"all_scores": [24285137.5, 25818405.5, 24924364.0, 25760920.5, 26326669.5], "avg": 25423099.4, "ratio": 1.9362918230410606}}