{"BL": {"all_scores": [13332503.0, 12710421.0, 13165249.5, 13045299.5, 13454240.5], "avg": 13141542.7, "ratio": 1.0}, "GC": {"all_scores": [18109377.5, 16919795.5, 16650302.5, 16702546.0, 17887585.5], "avg": 17253921.4, "ratio": 1.3129296760569822}, "GA": {"all_scores": [18411198.0, 17585800.0, 17029182.5, 17461930.5, 18501034.0], "avg": 17797829.0, "ratio": 1.3543180893062121}, "UB": {"all_scores": [26029410.0, 24771609.0, 24915000.5, 24752823.5, 26308779.0], "avg": 25355524.4, "ratio": 1.929417647442564}, "HDbScan": {"all_scores": [17719661.5, 16953920.5, 16413010.5, 16389162.5, 17817881.0], "avg": 17058727.2, "ratio": 1.298076457948883}, "XGB": {"all_scores": [2890906.0, 2855329.0, 2827428.5, 2706337.0, 2988689.0], "avg": 2853737.9, "ratio": 0.21715394951309636}, "DT": {"all_scores": [4206741.5, 4124991.5, 4214175.5, 3904251.5, 4061856.0], "avg": 4102403.2, "ratio": 0.31217059470498854}}