{"BL": {"all_scores": [13047082.5, 13154885.5, 13177981.5, 12162014.0, 13697329.0], "avg": 13047858.5, "ratio": 1.0}, "GC": {"all_scores": [17376960.0, 17537240.0, 18034080.0, 15971265.0, 18132471.5], "avg": 17410403.3, "ratio": 1.33434948731242}, "GA": {"all_scores": [18083816.0, 17992318.5, 18620907.5, 16672790.0, 18432099.5], "avg": 17960386.3, "ratio": 1.3765006954972727}, "UB": {"all_scores": [25693320.5, 25657918.0, 26093242.0, 23408489.0, 26322492.5], "avg": 25435092.4, "ratio": 1.9493691167788185}}